Group,recog_function2,만족도1,만족도2,만족도3,평균만족도,지속사용의도
2,3,4,5,5,4.5,5
0,4,4,4,3,4,3.5
1,5,5,5,5,5,5
0,5,5,5,5,5,5
3,5,5,5,5,5,5
0,2,4,4,5,4,4.5
3,3,5,5,5,5,5
0,3,5,5,5,5,5
3,5,5,5,5,5,5
1,4,5,5,4,5,4
2,4,4,4,4,4,4.5
1,3,5,5,5,5,5
0,4,5,5,5,5,5
0,4,5,4,5,4.5,5
0,2,5,4,5,4.5,5
0,3,4,3,3,3.5,2.5
3,4,5,5,5,5,5
2,5,4,5,4,4.5,4.5
3,3,5,5,5,5,5
3,5,5,5,5,5,5
1,3,4,4,4,4,4.5
0,3,4,4,4,4,4
1,5,5,5,5,5,5
3,5,5,5,5,5,5
1,4,4,4,3,4,3
1,4,4,4,4,4,4.5
2,2,2,2,2,2,2
0,3,4,4,4,4,4
0,2,5,4,5,4.5,5
0,4,4,4,4,4,4
0,1,5,4,4,4.5,4
2,4,4,4,4,4,4
2,4,4,4,4,4,4
1,3,4,4,4,4,4
3,4,5,5,5,5,5
0,3,5,5,5,5,5
2,5,5,5,5,5,5
0,5,5,5,5,5,5
2,5,5,5,5,5,5
0,4,4,4,4,4,3
0,4,4,4,4,4,4
3,5,5,4,4,4.5,4
1,4,4,4,3,4,3
0,3,5,5,5,5,5
0,4,5,5,5,5,5
2,5,5,5,5,5,5
1,3,5,4,5,4.5,5
0,3,4,4,4,4,4
0,2,5,5,5,5,5
3,3,5,4,5,4.5,4.5
3,5,5,5,5,5,5
2,4,3,4,4,3.5,3.5
1,3,5,5,5,5,5
2,3,4,4,4,4,4
2,4,5,4,4,4.5,4.5
1,3,4,4,4,4,4
3,5,5,5,5,5,5
3,5,5,5,5,5,5
0,2,3,3,1,3,1.5
3,5,5,5,5,5,5
2,4,4,4,4,4,4
3,4,5,4,5,4.5,5
3,3,5,5,5,5,5
1,2,2,4,2,3,2
2,3,5,4,3,4.5,3.5
0,3,5,5,5,5,5
2,5,4,5,5,4.5,5
2,4,5,5,5,5,5
2,4,5,5,5,5,5
2,5,3,5,5,4,5
2,3,4,4,4,4,4
2,3,4,4,5,4,4.5
0,4,4,4,4,4,4
2,5,5,5,5,5,5
2,4,5,4,4,4.5,4
2,4,4,4,4,4,4
0,3,5,5,5,5,5
0,3,4,4,4,4,4
2,5,4,4,4,4,4.5
0,4,5,5,5,5,5
0,4,4,5,5,4.5,5
0,3,5,5,5,5,5
2,3,3,4,5,3.5,5
2,4,4,4,4,4,4
1,4,5,5,5,5,5
2,3,5,5,5,5,5
0,3,5,5,5,5,5
0,3,5,5,5,5,5
2,3,5,5,5,5,5
0,4,4,5,4,4.5,4
2,4,5,5,5,5,5
0,4,5,5,5,5,5
2,4,5,5,5,5,5
0,4,4,4,4,4,4
0,2,3,3,4,3,3.5
3,3,4,4,4,4,4
0,4,3,2,4,2.5,4
2,3,4,4,4,4,4.5
0,3,4,4,4,4,4
3,4,5,5,5,5,5
2,3,1,1,1,1,1
2,2,4,4,5,4,4.5
1,2,4,4,4,4,4.5
2,3,4,4,5,4,4.5
2,3,4,3,3,3.5,3
2,2,4,4,4,4,4
1,5,5,5,5,5,5
0,3,5,5,5,5,5
0,2,5,5,5,5,5
3,4,3,4,5,3.5,4.5
0,3,4,4,5,4,4.5
2,4,4,4,4,4,4
2,5,5,5,5,5,5
0,4,5,5,5,5,5
3,2,5,5,5,5,5
0,3,4,4,4,4,4
2,3,4,4,4,4,4
3,5,5,5,5,5,5
0,3,5,5,5,5,5
0,4,5,5,5,5,5
3,3,5,5,5,5,5
2,2,4,4,5,4,5
0,3,5,5,5,5,5
2,4,5,5,5,5,5
0,3,5,5,5,5,5
3,5,5,5,5,5,5
1,5,5,5,5,5,5
0,4,5,3,5,4,5
0,4,5,3,5,4,5
0,1,4,4,4,4,4
0,5,5,5,5,5,5
2,3,4,4,5,4,5
2,5,5,5,5,5,5
2,3,4,5,5,4.5,5
1,4,4,4,4,4,4
2,4,5,4,5,4.5,4.5
2,3,5,5,5,5,5
1,5,5,5,5,5,5
3,5,5,5,5,5,5
2,4,4,4,4,4,4
3,4,5,4,4,4.5,4.5
3,4,5,5,5,5,5
0,5,5,5,5,5,5
2,4,4,4,4,4,4
2,4,5,4,4,4.5,4.5
0,2,5,4,4,4.5,4
2,5,5,5,5,5,5
0,4,5,5,5,5,5
2,5,5,5,5,5,5
3,5,5,5,5,5,5
2,3,4,4,4,4,4
1,3,4,4,5,4,5
0,1,5,4,5,4.5,5
,,,,,,